{"Training loss": 0.14704787731170654, "_runtime": 25167, "_timestamp": 1639063679, "_step": 96027, "epoch": 4, "Validating loss": 0.2101292002621174, "Validating acc.": 0.927313361716317}