{"Training loss": 0.11667525768280029, "_runtime": 44283, "_timestamp": 1639438594, "_step": 191530, "epoch": 9, "Validating loss": 0.1579068365405163, "Validating acc.": 0.9460793522133929, "Best acc.": 0.9460793522133929}